{"cameraMode":{"drawMode":0,"name":"Shaded","section":"Shading Mode"},"sceneLighting":false,"audioPlay":false,"sceneViewState":{"showFog":true,"showMaterialUpdate":false,"showSkybox":true,"showFlares":true,"showImageEffects":true,"showParticleSystems":true},"in2DMode":false,"pivot":{"x":-18.716297149658204,"y":-171.82608032226563,"z":2295.691162109375},"rotation":{"x":-0.0467885360121727,"y":0.014081086963415146,"z":-0.0006596765597350895,"w":-0.9988053441047669},"size":2933.593505859375,"orthographic":false}