{"cameraMode":{"drawMode":0,"name":"Shaded","section":"Shading Mode"},"sceneLighting":false,"audioPlay":false,"sceneViewState":{"showFog":true,"showMaterialUpdate":false,"showSkybox":true,"showFlares":true,"showImageEffects":true,"showParticleSystems":true},"in2DMode":false,"pivot":{"x":27.912261962890626,"y":-175.3824005126953,"z":2296.685546875},"rotation":{"x":-0.0467885360121727,"y":0.014081086963415146,"z":-0.0006596765597350895,"w":-0.9988053441047669},"size":2407.144287109375,"orthographic":false}